Ticker,SPY,SPY,SPY,SPY,SPY,AAPL,AAPL,AAPL,AAPL,AAPL
Price,Open,High,Low,Close,Volume,Open,High,Low,Close,Volume
Date,,,,,,,,,,
2017-01-03,193.7958967308444,194.4762220905839,192.79695876636885,193.9681396484375,91366500,26.617759202470722,26.739584586867494,26.37870485695846,26.698209762573242,115127600
2017-01-04,194.29536427788966,195.26848153297962,194.2867573884805,195.12208557128906,78744400,26.629251595063298,26.780959871312433,26.606265970880596,26.66832733154297,84472400
2017-01-05,194.855129408606,195.12208752614507,194.17480407008122,194.96707153320312,78379000,26.645341752975444,26.861410478782332,26.62005704022397,26.803945541381836,88774400
2017-01-06,195.07899964620458,196.12961819114082,194.5364634568541,195.6645965576172,71559900,26.843021488191795,27.160229067489293,26.771765526438056,27.102764129638672,127007600
2017-01-09,195.4062733251903,195.54406239938967,194.98429921306328,195.0187530517578,46939700,27.111949362087234,27.45214247024399,27.109652027875736,27.351003646850586,134247600
2017-01-10,195.0359668308157,195.87129502525147,194.63121963803593,195.0187530517578,63771900,27.300438320334116,27.44065289058721,27.192405724450218,27.378591537475586,97848400
2017-01-11,194.93266630385088,195.56993103027344,194.2695677639523,195.56993103027344,74650000,27.293546496671386,27.567080163085443,27.261366271645112,27.525705337524414,110354400
2017-01-12,195.0531762032134,195.2684666846739,193.72699261914352,195.07901000976562,72113200,27.330321770252056,27.42226601138382,27.171717998142032,27.4107723236084,108344800
2017-01-13,195.2512620548958,195.82823903423753,195.2168213556575,195.52684020996094,62717900,27.378600796933377,27.49582978544724,27.30964215576261,27.362510681152344,104447600
2017-01-17,194.88958876507553,195.2943359950259,194.4504008335571,194.83792114257812,61240800,27.201603792195478,27.63833769713795,27.174021742713133,27.583171844482422,137759200
2017-01-18,195.08767433052773,195.3115849069483,194.5365310613489,195.26852416992188,54793300,27.58317067062055,27.6981005484148,27.51651113105699,27.58087158203125,94852000
2017-01-19,195.34600995331297,195.48379904463542,194.11455444288248,194.54513549804688,66608800,27.445254329705012,27.603856363706946,27.4383588178385,27.53260040283203,102389200
2017-01-20,195.22549487918107,195.75080441881764,194.59685006626987,195.25994873046875,129168600,27.686608037422893,27.686608037422893,27.521110479456304,27.583171844482422,130391600
2017-01-23,195.25988085598757,195.32015536434764,193.9939716372401,194.7517852783203,75061600,27.58316948476046,27.769355317601576,27.530300971624104,27.601558685302734,88200800
2017-01-24,194.967083306671,196.41384238690753,194.855141175314,196.00048828125,95555300,27.479732295697268,27.606154098997923,27.468238607356017,27.57627296447754,92844000
2017-01-25,196.94778620019798,197.69700622558594,196.78416328499497,197.69700622558594,84437700,27.679713323448713,28.06587781055767,27.647533095663874,28.015308380126953,129510400
2017-01-26,197.55058518442826,197.8175564796249,197.21473248304858,197.4903106689453,59970700,27.96703349297355,28.14402647071442,27.950943381696252,28.029096603393555,105350400
2017-01-27,197.5678029008803,197.7141988777078,196.9994327741686,197.18028259277344,59711100,28.075076512130252,28.123346860857197,27.95095200667905,28.031402587890625,82251600
2017-01-30,196.49132894663734,196.51716275501758,194.97568858040952,195.95741271972656,79737300,27.796942639617125,27.957843780517578,27.73488127203864,27.957843780517578,121510000
2017-01-31,195.46654382670206,196.00047319321024,194.8981869027836,195.940185546875,75880800,27.847512860807765,27.90267871729734,27.72568745728493,27.893484115600586,196804000
2017-02-01,195.94018351228783,196.8530131051667,195.43210109969132,196.01768493652344,79117700,29.19909273224693,29.99440925482624,29.194496307458763,29.594451904296875,447940000
2017-02-02,196.0177294111019,196.43109671472556,195.32881018564632,196.14691162109375,69657600,29.417451025335552,29.74155235484266,29.371478023982664,29.543872833251953,134841600
2017-02-03,197.05112178644802,197.67976645215273,196.74110289892536,197.49891662597656,80563200,29.49330842104774,29.69558615399653,29.45883085628691,29.67030143737793,98029200
2017-02-06,197.09416062482688,197.4903009625108,196.80997556219742,197.1458282470703,57790100,29.68179442923557,29.996701204576585,29.628924154671164,29.948429107666016,107383600
2017-02-07,197.53333230577763,197.77445660056662,196.96496226507992,197.1544189453125,57931200,30.005895113055026,30.362178485109563,29.98520857395443,30.233457565307617,152735200
2017-02-08,197.15441429595157,197.54193453627462,196.61187807532636,197.4127655029297,51566200,30.1920810160122,30.3920578857579,30.162198124714433,30.35068130493164,92016400
2017-02-09,197.4128034001183,198.8853832240936,197.4128034001183,198.583984375,65955200,30.39223551339761,30.576921288465538,30.269881935965092,30.569995880126953,113399600
2017-02-10,198.92844207107467,199.59154055725963,198.60119627316433,199.3676300048828,66015900,30.57923580025104,30.6900458696423,30.484583844738975,30.500741958618164,80262000
2017-02-13,199.85850903956066,200.71106428018317,199.83267522684102,200.4527130126953,55182100,30.722367545942816,30.893202535679777,30.646184517651555,30.770845413208008,92141600
2017-02-14,200.27187670372177,201.26222110590146,199.92741708401107,201.25360107421875,71109000,30.812402755297203,31.186388981084797,30.761614067524942,31.170230865478516,132904800
2017-02-15,201.03827471556946,202.49364065914128,200.98660709584573,202.30418395996094,86785800,31.28564554942213,31.45878776770964,31.077872773924653,31.283334732055664,142492400
2017-02-16,202.33000632685946,202.51085612595435,201.38273602482136,202.13194274902344,84722400,31.320280662969946,31.37337663728283,31.1286694692627,31.246408462524414,90338400
2017-02-17,201.46886778666237,202.45059204101562,201.4516408656272,202.45059204101562,77204100,31.18870113721739,31.35722532336892,31.18870113721739,31.331830978393555,88792800
2017-02-21,202.8209064325544,203.82846453736573,202.81228640155743,203.65623474121094,88946100,31.449564538343612,31.569610845617106,31.39185044173371,31.558067321777344,98028800
2017-02-22,203.25147490734517,203.69926972156108,203.08785201202807,203.47537231445312,62115200,31.495723934769945,31.655015348502506,31.421851749069244,31.652708053588867,83347600
2017-02-23,203.99207258780973,204.00928636796786,202.85533236344304,203.6131591796875,74615900,31.715045293392897,31.738128813968785,31.465720022091123,31.518815994262695,83152800
2017-02-24,202.769204202893,203.91453806498942,202.72614347613032,203.87149047851562,82381600,31.375689664556717,31.548831939697262,31.230249026210306,31.548831939697266,87106400
2017-02-27,203.78537731620193,204.36235428548795,203.53564611528,204.19012451171875,56515400,31.659645485318602,31.728903107496215,31.461108847123583,31.611164093017578,81029600
2017-02-28,203.81123736430177,204.05236170667933,203.2514872424162,203.63900756835938,96961900,31.645795303782027,31.728903747553883,31.558068745748105,31.625019073486328,93931600
2017-03-01,205.2924716725028,206.95452167564858,205.2752447479337,206.48948669433594,149158200,31.8327861816255,32.35452033367567,31.765839381187224,32.27141189575195,145658400
2017-03-02,206.30001086819615,206.3086308998303,205.1374498030044,205.18911743164062,70246000,32.31989639045544,32.38453590142922,32.033633182865024,32.07980728149414,104844000
2017-03-03,205.10293156730737,205.48184491207374,204.724018222541,205.31822204589844,81974300,32.0382514149663,32.28065134330321,31.994388134660955,32.269107818603516,84432400
2017-03-06,204.52599832218158,205.0599146181717,204.10402416355956,204.70684814453125,55391500,32.17446691659077,32.26681162336827,31.996709960901033,32.16754150390625,87000000
2017-03-07,204.40541680082913,204.75849638133062,203.8887143347153,204.09539794921875,65103700,32.10287286248171,32.3152602116108,32.040540682247865,32.209068298339844,69785200
2017-03-08,204.38822766273705,204.64657894355068,203.57873311499068,203.71652221679688,78168800,32.07748388465437,32.27371315911442,32.04747495941965,32.089027404785156,74828800
2017-03-09,203.83703393035415,204.30206874874492,203.01032580477525,203.97482299804688,90683900,32.02901394806746,32.040553948462716,31.638866120296644,32.015159606933594,88623600
2017-03-10,204.93074530765566,204.97380604057082,203.74233740870923,204.6896209716797,81991700,32.14673985398543,32.17213418795133,32.00591736973592,32.12134552001953,78451200
2017-03-13,204.62933059248675,204.83601422355267,204.30209793532902,204.79295349121094,57256800,32.0544143136855,32.18830793317815,32.04748890311137,32.13521194458008,69686800
2017-03-14,204.2504474886715,204.3021282593268,203.39790530710178,204.0093231201172,59880800,32.158295874412474,32.23909349746687,32.052100384931684,32.08673095703125,61236400
2017-03-15,204.5776435433198,206.1966323155387,204.34512612298658,205.774658203125,96081800,32.183690325330886,32.49303704395142,32.09596376949352,32.426090240478516,102767200
2017-03-16,205.91250100852733,205.99000245543195,205.0427318881367,205.36996459960938,78344000,32.48611242181185,32.55537004533195,32.3799169294025,32.47918701171875,76928000
2017-03-17,205.63199726496683,205.82227819204954,205.00926208496094,205.00926208496094,89002100,32.55074866053692,32.55074866053692,32.2944979450717,32.31758499145508,175540000
2017-03-20,205.00923422284296,205.29465557467637,204.3951566577249,204.78436279296875,52537000,32.41222220070936,32.66616553261272,32.37297705352202,32.65693283081055,86168000
2017-03-21,205.38986886126582,205.5109555506697,202.02537456555163,202.1551055908203,131809300,32.806996259318026,32.96628770549994,32.25755701540671,32.28295135498047,158119600
2017-03-22,202.18966922638143,202.91618921870486,201.56693403368797,202.63076782226562,97569200,32.28526243499958,32.689261053486796,32.26448268602448,32.647705078125,103440800
2017-03-23,202.63076264780625,203.54756354767736,202.04263120164606,202.41453552246094,100410300,32.61076264260119,32.684638356177594,32.460707442957485,32.53227233886719,81385200
2017-03-24,202.7172885306516,203.2881181952796,201.48911986212113,202.2675323486328,112504900,32.66618038136774,32.72158718512899,32.400696932180246,32.46764373779297,89582400
2017-03-27,200.59822377562864,202.31939645634566,200.321459915953,202.05992126464844,87454500,32.179059798635386,32.60152725405525,32.001299459750086,32.52303695678711,94300400
2017-03-28,201.75725376032582,203.95411602548558,201.64481140746744,203.5303192138672,93483900,32.529980063810726,33.25255828695497,32.46302972714573,33.1971549987793,133499200
2017-03-29,203.24486140080134,203.95407953685887,203.01997673531778,203.72055053710938,61950400,33.1694378122708,33.35643440986911,33.056320458176856,33.27101516723633,116760000
2017-03-30,203.66001404084622,204.56817064319617,203.48703497312647,204.36923217773438,56737900,33.28717868536346,33.358743592432035,33.12788723539098,33.22715377807617,84829200
2017-03-31,204.03193003110582,204.55952479613492,203.84164908650794,203.8935546875,73733100,33.17867244111365,33.30564412870682,33.01476289484099,33.16482162475586,78646800
2017-04-03,203.94540265571393,204.14432789174012,202.31072631325307,203.5388946533203,85546500,33.176371639770544,33.27102007760433,33.02400558483501,33.1740608215332,79942800
2017-04-04,203.2534573165046,203.75510573102278,202.8728955401492,203.66860961914062,56466200,33.07016750965756,33.44877172977211,33.0516985815315,33.42107009887695,79565600
2017-04-05,204.34326269653357,205.32061345411282,202.85561912820899,203.06320190429688,108800600,33.294110639443595,33.58037384658186,33.199458669028225,33.24794006347656,110871600
2017-04-06,203.20163991419298,204.15303150871202,202.76052805724942,203.63409423828125,69135800,33.31025871910069,33.36335821192298,33.11634024491553,33.16482162475586,84596000
2017-04-07,203.3832655994939,204.11844323759587,202.942166935108,203.426513671875,74412300,33.1809762021365,33.28486083634301,33.07478427297881,33.0909423828125,66688800
2017-04-10,203.56484825057547,204.34326055720862,203.0199517174591,203.54754638671875,67615300,33.150966820278995,33.2156063038978,32.9893645886443,33.05169677734375,75733600
2017-04-11,203.16698562884116,203.40915893428013,201.81773058497976,203.3053741455078,88045300,32.998618871316324,33.09327085362153,32.33375122158743,32.696197509765625,121517600
2017-04-12,203.02862636532242,203.21890729142282,202.1896640631861,202.41453552246094,81864400,32.68926110490339,32.81622928141407,32.55305317900341,32.73543167114258,81400000
2017-04-13,202.07725025970024,202.81242786863328,201.0998992919922,201.0998992919922,92880400,32.76082296364392,32.86932572163703,32.562286376953125,32.562286376953125,71291600
2017-04-17,201.61881958860167,202.881591796875,201.41989433024537,202.881591796875,68405400,32.661558023380536,32.75390268431767,32.52073549771646,32.74235916137695,66328400
2017-04-18,202.14642256401504,202.81240582699647,201.59288163305118,202.27615356445312,83225800,32.645393762219754,32.79083085160347,32.57613616020524,32.5969123840332,58790000
2017-04-19,202.83829258526222,203.21019680916933,201.67930546534396,201.90419006347656,68699900,32.75389809720652,32.78159973031379,32.423771704796266,32.47686767578125,69313600
2017-04-20,202.51830324525685,203.98865813160546,202.1982913499118,203.54754638671875,92572200,32.60152990307541,32.99398494389246,32.58767908744237,32.883174896240234,93278400
2017-04-21,203.46972277708795,203.52161517502364,202.50102948907167,202.8988800048828,110389800,32.8831706227969,32.93857387812894,32.746966256655696,32.84392547607422,69283600
2017-04-24,205.1390154286658,205.33795390885047,202.87295911968172,205.13037109375,119209900,33.12788228211742,33.23176692273539,33.054006568067706,33.16020202636719,68537200
2017-04-25,205.77046400072467,206.66996338179786,205.68396783828274,206.32400512695312,76698300,33.222535636949104,33.451081151540144,33.21329941100493,33.365665435791016,75486000
2017-04-26,206.28932381353593,207.17153418835883,206.15094848210717,206.19418334960938,84702500,33.35180821927697,33.38182066395403,33.10017571070166,33.169429779052734,80164800
2017-04-27,206.51418983204485,206.66986701489674,205.83090478075857,206.36715698242188,57410300,33.22484048167015,33.28024726548445,33.084017988406494,33.194828033447266,56985200
2017-04-28,206.62665285973316,206.65259906113272,205.78769048792753,205.9174346923828,63532800,33.264079612801645,33.31256098018901,33.0747793002223,33.16250228881836,83441600
